{
    "accuracy": 0.7925983037779492,
    "precision": 0.7799227799227799,
    "recall": 0.7996832937450514,
    "auc": 0.872371364852863
}